{
  "AUD-VUV": {
    "sell": 86,
    "buy": 82,
    "time": "4/23/2026, 4:15:34 AM",
    "ref": 84.575293
  },
  "USD-CNY": {
    "sell": 7,
    "buy": 6.7,
    "time": "4/23/2026, 3:47:30 AM",
    "ref": 6.836376
  }
}