{
  "AUD-VUV": {
    "sell": 82,
    "buy": 78,
    "time": "4/23/2026, 3:45:04 AM",
    "ref": 84.575293
  },
  "USD-CNY": {
    "sell": 7,
    "buy": 6.7,
    "time": "4/23/2026, 3:46:50 AM",
    "ref": 6.836376
  }
}